{
  "schemaVersion": 1,
  "id": "yanva_moonphase",
  "version": "${version}",
  "name": "Moon Info",
  "description": "Minecraft mod to display information about the state of the moon\nmodified MoonPhaseInfo",
  "authors": [
    "Yanva"
  ],
  "contact": {
    "repo": "https://github.com/yanvaa/MoonPhase"
  },
  "license": "Unlicense",
  "icon": "assets/yanva_moonphase/icon.png",
  "environment": "*",
  "entrypoints": {
    "main": [
      "pw.yanva.mooninfo.MoonInfoMod"
    ]
  },
  "depends": {
    "fabricloader": ">=${loader_version}",
    "fabric": "*",
    "minecraft": "${minecraft_version}"
  }
}
